"Time ",U0,U1,U2,U3,L0,L1,L2,L3,U3L3,U0L2,U0L3,U0L0,U0L1,U1L3,U1L2,U1L1,U1L0,U2L3,U2L2,U2L0,U2L1,U3L1,U3L2,U3L0
0.6100000000000001,0,0,947,0,0,0,0,0,2141,0,0,609,1191,0,1823,0,588,947,139,122,153,468,332,0
0.6629742822869473,0,0,947,0,0,0,0,0,2141,0,0,609,1191,0,1823,0,588,947,139,121,153,468,332,0
0.676438665468484,0,0,947,0,0,0,0,0,2141,0,0,609,1191,0,1823,0,588,947,139,120,153,468,332,0
0.6963793857542104,0,0,947,0,0,0,0,0,2141,0,0,609,1191,0,1823,0,588,947,139,119,153,468,332,0
0.7099999998637939,0,0,947,0,0,0,0,0,2141,0,0,609,1191,0,1823,0,588,947,139,119,153,468,332,0