"Time ",U0,U1,U2,U3,L0,L1,L2,L3,U3L3,U0L2,U0L3,U0L0,U0L1,U1L3,U1L2,U1L1,U1L0,U2L3,U2L2,U2L0,U2L1,U3L1,U3L2,U3L0
0.81,0,0,947,0,0,0,0,0,2141,0,0,609,1191,0,1823,0,588,947,139,118,153,468,332,0
0.8211780802169864,0,0,947,0,0,0,0,0,2141,0,0,609,1191,0,1823,0,588,947,139,117,153,468,332,0
0.8494509552516025,0,0,947,0,0,0,0,0,2141,0,0,609,1191,0,1823,0,588,947,139,116,153,468,332,0
0.8892934951422319,0,0,947,0,0,0,0,0,2141,0,0,609,1191,0,1823,0,588,947,139,115,153,468,332,0
0.9015178345136245,0,0,947,0,0,0,0,0,2141,0,0,609,1191,0,1823,0,588,947,139,114,153,468,332,0
0.9099999999151783,0,0,947,0,0,0,0,0,2141,0,0,609,1191,0,1823,0,588,947,139,114,153,468,332,0